"rules","support","confidence","lift","count"
"{} => {mineral water}",0.238368217570991,0.238368217570991,1,1788
"{body spray} => {french fries}",0.00426609785361952,0.372093023255814,2.17712150346479,32
"{body spray} => {mineral water}",0.00413278229569391,0.36046511627907,1.51221970761147,31
"{cider} => {eggs}",0.00426609785361952,0.40506329113924,2.25399091011531,32
"{nonfat milk} => {mineral water}",0.00506599120117318,0.487179487179487,2.0438105891126,38
"{pasta} => {escalope}",0.00586588454872684,0.372881355932203,4.7008118501638,44
"{pasta} => {shrimp}",0.00506599120117318,0.322033898305085,4.5066721477359,38
"{extra dark chocolate} => {spaghetti}",0.00413278229569391,0.344444444444444,1.97831376552663,31
"{extra dark chocolate} => {mineral water}",0.00573256899080123,0.477777777777778,2.00436863037534,43
"{gums} => {mineral water}",0.00493267564324757,0.366336633663366,1.53685183954637,37
"{white wine} => {spaghetti}",0.00453272896947074,0.274193548387097,1.57482833572099,34
"{white wine} => {mineral water}",0.00439941341154513,0.266129032258065,1.1164618965144,33
"{fromage blanc} => {mineral water}",0.00453272896947074,0.333333333333333,1.39839671886652,34
"{mint} => {mineral water}",0.00586588454872684,0.33587786259542,1.40907150298,44
"{black tea} => {milk}",0.00426609785361952,0.299065420560748,2.3079112341833,32
"{black tea} => {eggs}",0.00493267564324757,0.345794392523364,1.92418674949389,37
"{black tea} => {spaghetti}",0.00453272896947074,0.317757009345794,1.82503470681685,34
"{black tea} => {mineral water}",0.0053326223170244,0.373831775700935,1.56829538564469,40
"{mushroom cream sauce} => {escalope}",0.00573256899080123,0.300699300699301,3.79083269671505,43
"{mushroom cream sauce} => {french fries}",0.00466604452739635,0.244755244755245,1.43206637356403,35
"{mushroom cream sauce} => {chocolate}",0.00439941341154513,0.230769230769231,1.40846216436127,33
"{mushroom cream sauce} => {spaghetti}",0.00426609785361952,0.223776223776224,1.28525685646666,32
"{tomato sauce} => {ground beef}",0.0053326223170244,0.377358490566038,3.84065948132408,40
"{tomato sauce} => {chocolate}",0.00506599120117318,0.358490566037736,2.18798839369329,38
"{tomato sauce} => {spaghetti}",0.00626583122250367,0.443396226415094,2.54664249183738,47
"{tomato sauce} => {mineral water}",0.00573256899080123,0.405660377358491,1.7018224220168,43
"{strawberries} => {french fries}",0.00573256899080123,0.26875,1.57246002340094,43
"{strawberries} => {mineral water}",0.00506599120117318,0.2375,0.996357662192394,38
"{carrots} => {spaghetti}",0.00466604452739635,0.304347826086957,1.74801917571077,35
"{carrots} => {mineral water}",0.0053326223170244,0.347826086956522,1.45919657620854,40
"{muffins} => {french fries}",0.0053326223170244,0.220994475138122,1.2930417769197,40
"{light cream} => {chicken}",0.00453272896947074,0.290598290598291,4.84395061728395,34
"{light cream} => {spaghetti}",0.0053326223170244,0.341880341880342,1.96358686404628,40
"{light cream} => {mineral water}",0.00733235568590855,0.47008547008547,1.97209793686304,55
"{protein bar} => {spaghetti}",0.00506599120117318,0.273381294964029,1.57016316502694,38
"{protein bar} => {mineral water}",0.00773230235968538,0.41726618705036,1.7505110005955,58
"{meatballs} => {milk}",0.00546593787495001,0.261146496815287,2.01528793478546,41
"{meatballs} => {eggs}",0.00439941341154513,0.210191082802548,1.16961670037234,33
"{meatballs} => {spaghetti}",0.00639914678042928,0.305732484076433,1.75597194721082,48
"{meatballs} => {mineral water}",0.00773230235968538,0.369426751592357,1.5498154718648,58
"{yogurt cake} => {mineral water}",0.00559925343287562,0.204878048780488,0.859502373547225,42
"{energy bar} => {milk}",0.00546593787495001,0.201970443349754,1.55862170325772,41
"{energy bar} => {mineral water}",0.00679909345420611,0.251231527093596,1.05396402949053,51
"{energy drink} => {french fries}",0.00613251566457806,0.23,1.34573322932917,46
"{energy drink} => {mineral water}",0.00559925343287562,0.21,0.880989932885906,42
"{rice} => {ground beef}",0.00439941341154513,0.234042553191489,2.3820260400127,33
"{rice} => {french fries}",0.00479936008532196,0.25531914893617,1.49387592524978,36
"{rice} => {chocolate}",0.0053326223170244,0.283687943262411,1.73144284980582,40
"{rice} => {spaghetti}",0.00506599120117318,0.269503546099291,1.54789134708329,38
"{rice} => {mineral water}",0.00773230235968538,0.411347517730496,1.72568105732464,58
"{parmesan cheese} => {frozen vegetables}",0.00546593787495001,0.275167785234899,2.88676021964613,41
"{parmesan cheese} => {chocolate}",0.00426609785361952,0.214765100671141,1.31078358025568,32
"{parmesan cheese} => {eggs}",0.00453272896947074,0.228187919463087,1.26976081891144,34
"{parmesan cheese} => {spaghetti}",0.00679909345420611,0.342281879194631,1.96589309022889,51
"{parmesan cheese} => {mineral water}",0.00466604452739635,0.23489932885906,0.985447352221371,35
"{almonds} => {burgers}",0.00519930675909879,0.254901960784314,2.92357738202315,39
"{almonds} => {green tea}",0.00506599120117318,0.248366013071895,1.87991267815569,38
"{almonds} => {milk}",0.00519930675909879,0.254901960784314,1.96709836197854,39
"{almonds} => {french fries}",0.00439941341154513,0.215686274509804,1.26198342051329,33
"{almonds} => {chocolate}",0.00599920010665245,0.294117647058824,1.79509883693103,45
"{almonds} => {eggs}",0.00653246233835489,0.320261437908497,1.78210760070596,49
"{almonds} => {spaghetti}",0.00599920010665245,0.294117647058824,1.68926222862805,45
"{almonds} => {mineral water}",0.00759898680175977,0.372549019607843,1.56291397990964,57
"{light mayo} => {pancakes}",0.00546593787495001,0.200980392156863,2.11438137667409,41
"{light mayo} => {french fries}",0.00733235568590855,0.269607843137255,1.57747927564161,55
"{light mayo} => {eggs}",0.00546593787495001,0.200980392156863,1.11836344330017,41
"{light mayo} => {mineral water}",0.00626583122250367,0.230392156862745,0.966538908628328,47
"{vegetables mix} => {french fries}",0.00559925343287562,0.217616580310881,1.27327766685797,42
"{vegetables mix} => {spaghetti}",0.00559925343287562,0.217616580310881,1.24987899610407,42
"{vegetables mix} => {mineral water}",0.00786561791761099,0.305699481865285,1.28246745719883,59
"{french wine} => {milk}",0.00493267564324757,0.218934911242604,1.68953782842672,37
"{french wine} => {chocolate}",0.00519930675909879,0.230769230769231,1.40846216436127,39
"{french wine} => {eggs}",0.00599920010665245,0.266272189349112,1.48168226432321,45
"{french wine} => {spaghetti}",0.00773230235968538,0.343195266272189,1.97113912121569,58
"{french wine} => {mineral water}",0.00826556459138782,0.366863905325444,1.53906384443297,62
"{oil} => {chocolate}",0.00613251566457806,0.265895953757225,1.62285235893649,46
"{oil} => {spaghetti}",0.00573256899080123,0.248554913294798,1.427573051014,43
"{oil} => {mineral water}",0.00733235568590855,0.317919075144509,1.33373097464148,55
"{fresh tuna} => {pancakes}",0.00506599120117318,0.227544910179641,2.39384904804696,38
"{fresh tuna} => {milk}",0.00479936008532196,0.215568862275449,1.66356176535817,36
"{fresh tuna} => {chocolate}",0.00479936008532196,0.215568862275449,1.31568920742729,36
"{fresh tuna} => {eggs}",0.00586588454872684,0.263473053892216,1.46610636294177,44
"{fresh tuna} => {spaghetti}",0.00679909345420611,0.305389221556886,1.75400042182098,51
"{fresh tuna} => {mineral water}",0.00879882682309025,0.395209580838323,1.65797934332677,66
"{pepper} => {ground beef}",0.00653246233835489,0.246231155778894,2.50607856105494,49
"{pepper} => {chocolate}",0.00639914678042928,0.241206030150754,1.47216145822685,48
"{pepper} => {spaghetti}",0.00986535128649513,0.371859296482412,2.13577073730059,74
"{pepper} => {mineral water}",0.00826556459138782,0.311557788944724,1.30704416939283,62
"{ham} => {burgers}",0.00559925343287562,0.21105527638191,2.42068138859435,42
"{ham} => {french fries}",0.00559925343287562,0.21105527638191,1.23488738544517,42
"{ham} => {chocolate}",0.00626583122250367,0.236180904522613,1.44149142784713,47
"{ham} => {eggs}",0.00626583122250367,0.236180904522613,1.31423810446893,47
"{ham} => {spaghetti}",0.00919877349686708,0.346733668341709,1.9914619036992,69
"{ham} => {mineral water}",0.00919877349686708,0.346733668341709,1.45461367238879,69
"{cereals} => {green tea}",0.00653246233835489,0.253886010362694,1.92169421163529,49
"{cereals} => {milk}",0.00706572457005733,0.274611398963731,2.11919763747628,53
"{cereals} => {chocolate}",0.00559925343287562,0.217616580310881,1.3281871187241,42
"{cereals} => {spaghetti}",0.0066657778962805,0.259067357512953,1.48795118583818,50
"{cereals} => {mineral water}",0.010265297960272,0.398963730569948,1.67372871532728,77
"{red wine} => {eggs}",0.00706572457005733,0.251184834123223,1.39772807177915,53
"{red wine} => {spaghetti}",0.010265297960272,0.364928909952607,2.09596612063898,77
"{red wine} => {mineral water}",0.0109318757499,0.388625592417062,1.63035825991073,82
"{butter} => {green tea}",0.00733235568590855,0.243362831858407,1.84204298866792,55
"{butter} => {milk}",0.00613251566457806,0.20353982300885,1.57073272879566,46
"{butter} => {french fries}",0.00613251566457806,0.20353982300885,1.19091436223821,46
"{butter} => {chocolate}",0.00826556459138782,0.274336283185841,1.67436652577461,62
"{butter} => {eggs}",0.00613251566457806,0.20353982300885,1.13260549880518,46
"{butter} => {spaghetti}",0.00626583122250367,0.207964601769911,1.19444293864939,47
"{whole wheat pasta} => {olive oil}",0.0079989334755366,0.271493212669683,4.1224100976423,60
"{whole wheat pasta} => {milk}",0.00986535128649513,0.334841628959276,2.58399903171145,74
"{whole wheat pasta} => {chocolate}",0.00626583122250367,0.212669683257919,1.29799454362705,47
"{whole wheat pasta} => {spaghetti}",0.00879882682309025,0.298642533936652,1.71525087829925,66
"{whole wheat pasta} => {mineral water}",0.00959872017064391,0.32579185520362,1.36675878405053,72
"{cottage cheese} => {green tea}",0.00639914678042928,0.200836820083682,1.52015841316619,48
"{cottage cheese} => {spaghetti}",0.00693240901213172,0.217573221757322,1.2496299666169,52
"{cottage cheese} => {mineral water}",0.00959872017064391,0.301255230125523,1.26382297604673,72
"{hot dogs} => {green tea}",0.0066657778962805,0.205761316872428,1.5574325306358,50
"{hot dogs} => {french fries}",0.00733235568590855,0.226337448559671,1.32430358942753,55
"{hot dogs} => {spaghetti}",0.00866551126516464,0.267489711934156,1.53632490751769,65
"{hot dogs} => {mineral water}",0.00919877349686708,0.283950617283951,1.19122683459,69
"{tomato juice} => {green tea}",0.00626583122250367,0.206140350877193,1.5603014852975,47
"{tomato juice} => {french fries}",0.00706572457005733,0.232456140350877,1.36010414100775,53
"{tomato juice} => {spaghetti}",0.00746567124383416,0.245614035087719,1.41068214180167,56
"{tomato juice} => {mineral water}",0.00959872017064391,0.315789473684211,1.32479689155775,72
"{brownies} => {french fries}",0.00786561791761099,0.233201581027668,1.36446572487405,59
"{brownies} => {eggs}",0.00733235568590855,0.217391304347826,1.20968262159721,55
"{brownies} => {spaghetti}",0.00733235568590855,0.217391304347826,1.24858512550769,55
"{brownies} => {mineral water}",0.00959872017064391,0.284584980237154,1.19388810780699,72
"{champagne} => {chocolate}",0.0115984535395281,0.247863247863248,1.5127926950547,87
"{avocado} => {milk}",0.00746567124383416,0.224,1.72862551440329,56
"{avocado} => {french fries}",0.0079989334755366,0.24,1.40424336973479,60
"{avocado} => {chocolate}",0.00706572457005733,0.212,1.29390724165989,53
"{avocado} => {spaghetti}",0.0079989334755366,0.24,1.37843797856049,60
"{avocado} => {mineral water}",0.0115984535395281,0.348,1.45992617449664,87
"{fresh bread} => {milk}",0.00919877349686708,0.213622291021672,1.64853992279173,69
"{fresh bread} => {chocolate}",0.00946540461271831,0.219814241486068,1.34160018339056,71
"{fresh bread} => {eggs}",0.00866551126516464,0.201238390092879,1.11979908315036,65
"{fresh bread} => {spaghetti}",0.00906545793894147,0.210526315789474,1.20915612154429,68
"{fresh bread} => {mineral water}",0.013331555792561,0.309597523219814,1.29882048191937,100
"{salmon} => {ground beef}",0.00893214238101587,0.210031347962382,2.13764605300655,67
"{salmon} => {milk}",0.00973203572856952,0.22884012539185,1.76597714049821,73
"{salmon} => {chocolate}",0.0106652446340488,0.250783699059561,1.53061719011047,80
"{salmon} => {spaghetti}",0.0134648713504866,0.316614420062696,1.81847225489302,101
"{salmon} => {mineral water}",0.0170643914144781,0.401253918495298,1.68333648916847,128
"{honey} => {spaghetti}",0.0118650846553793,0.25,1.43587289433384,89
"{honey} => {mineral water}",0.0150646580455939,0.317415730337079,1.33161934745997,113
"{herb & pepper} => {ground beef}",0.0159978669510732,0.323450134770889,3.29199384113493,120
"{herb & pepper} => {eggs}",0.0125316624450073,0.253369272237197,1.40988346517152,94
"{herb & pepper} => {spaghetti}",0.0162644980669244,0.328840970350404,1.88869534349034,122
"{herb & pepper} => {mineral water}",0.0170643914144781,0.345013477088949,1.44739714297774,128
"{grated cheese} => {ground beef}",0.0113318224236768,0.216284987277354,2.20129401569529,85
"{grated cheese} => {chocolate}",0.0109318757499,0.208651399491094,1.27346960747168,82
"{grated cheese} => {spaghetti}",0.0165311291827756,0.315521628498728,1.81219581574958,124
"{grated cheese} => {mineral water}",0.0174643380882549,0.333333333333333,1.39839671886652,131
"{soup} => {milk}",0.0151979736035195,0.300791556728232,2.32123196195316,114
"{soup} => {chocolate}",0.0101319824023464,0.200527704485488,1.22388796692079,76
"{soup} => {spaghetti}",0.0142647646980403,0.282321899736148,1.62151345323189,107
"{soup} => {mineral water}",0.0230635915211305,0.45646437994723,1.91495487359294,173
"{cooking oil} => {milk}",0.0114651379816025,0.224543080939948,1.73281651247999,86
"{cooking oil} => {chocolate}",0.0135981869084122,0.266318537859008,1.62543153171718,102
"{cooking oil} => {eggs}",0.0117317690974537,0.22976501305483,1.27853661938003,88
"{cooking oil} => {spaghetti}",0.0158645513931476,0.310704960835509,1.78453132559506,119
"{cooking oil} => {mineral water}",0.0201306492467671,0.394255874673629,1.65397836461236,151
"{whole wheat rice} => {milk}",0.0118650846553793,0.202733485193622,1.56451015682856,89
"{whole wheat rice} => {chocolate}",0.0119984002133049,0.20501138952164,1.2512534034189,90
"{whole wheat rice} => {spaghetti}",0.0141314491401147,0.241457858769932,1.38681117812654,106
"{whole wheat rice} => {mineral water}",0.0201306492467671,0.343963553530752,1.44299251400121,151
"{escalope} => {french fries}",0.01639781362485,0.20672268907563,1.20953735628417,123
"{escalope} => {chocolate}",0.0175976536461805,0.221848739495798,1.35401740842798,132
"{escalope} => {mineral water}",0.0170643914144781,0.215126050420168,0.902494689150828,128
"{turkey} => {eggs}",0.019464071457139,0.311300639658849,1.73224487988206,146
"{turkey} => {spaghetti}",0.0165311291827756,0.264392324093817,1.51853508654496,124
"{turkey} => {mineral water}",0.0191974403412878,0.307036247334755,1.28807544253803,144
"{chicken} => {milk}",0.0147980269297427,0.246666666666667,1.90354595336077,111
"{chicken} => {chocolate}",0.0146647113718171,0.244444444444444,1.49192658891601,110
"{chicken} => {eggs}",0.0143980802559659,0.24,1.33548961424332,108
"{chicken} => {spaghetti}",0.0171977069724037,0.286666666666667,1.64646758550281,129
"{chicken} => {mineral water}",0.0227969604052793,0.38,1.59417225950783,171
"{frozen smoothie} => {milk}",0.0142647646980403,0.225263157894737,1.73837340264241,107
"{frozen smoothie} => {french fries}",0.0145313958138915,0.229473684210526,1.34265374825519,109
"{frozen smoothie} => {chocolate}",0.0149313424876683,0.235789473684211,1.43910239390176,112
"{frozen smoothie} => {spaghetti}",0.0155979202772964,0.246315789473684,1.41471266220682,117
"{frozen smoothie} => {mineral water}",0.0202639648046927,0.32,1.34246085011186,152
"{low fat yogurt} => {eggs}",0.0167977602986269,0.219512195121951,1.22148440327133,126
"{low fat yogurt} => {mineral water}",0.0239968004266098,0.313588850174216,1.31556485747024,180
"{tomatoes} => {frozen vegetables}",0.0161311825089988,0.235867446393762,2.47446393762183,121
"{tomatoes} => {milk}",0.013998133582189,0.204678362573099,1.57951892763459,105
"{tomatoes} => {chocolate}",0.013998133582189,0.204678362573099,1.24922082803972,105
"{tomatoes} => {spaghetti}",0.0209305425943208,0.306042884990253,1.75775473224494,157
"{tomatoes} => {mineral water}",0.0243967471003866,0.35672514619883,1.49652982194487,183
"{olive oil} => {ground beef}",0.0141314491401147,0.214574898785425,2.18388916660716,106
"{olive oil} => {milk}",0.0170643914144781,0.259109311740891,1.99956681828027,128
"{olive oil} => {chocolate}",0.01639781362485,0.248987854251012,1.51965654575821,123
"{olive oil} => {spaghetti}",0.0229302759632049,0.348178137651822,1.99975820101556,172
"{olive oil} => {mineral water}",0.0275963204906013,0.419028340080972,1.75790356764394,207
"{shrimp} => {frozen vegetables}",0.0166644447407012,0.233208955223881,2.44657394843962,125
"{shrimp} => {milk}",0.0175976536461805,0.246268656716418,1.90047447945458,132
"{shrimp} => {chocolate}",0.0179976003199573,0.251865671641791,1.53722083237191,135
"{shrimp} => {spaghetti}",0.021197173710172,0.296641791044776,1.70375962835135,159
"{shrimp} => {mineral water}",0.023596853752833,0.330223880597015,1.3853519733547,177
"{cake} => {french fries}",0.0178642847620317,0.220394736842105,1.28953269972904,134
"{cake} => {eggs}",0.0190641247833622,0.235197368421053,1.30876517843199,143
"{cake} => {spaghetti}",0.0181309158778829,0.223684210526316,1.28472837914081,136
"{cake} => {mineral water}",0.0274630049326756,0.338815789473684,1.42139666490051,206
"{burgers} => {green tea}",0.0174643380882549,0.200305810397554,1.51613913601619,131
"{burgers} => {milk}",0.0178642847620317,0.204892966360856,1.58117504184443,134
"{burgers} => {french fries}",0.0219970670577256,0.252293577981651,1.47617326711417,165
"{burgers} => {eggs}",0.0287961605119317,0.330275229357798,1.83782974437155,216
"{burgers} => {spaghetti}",0.0214638048260232,0.246177370030581,1.41391765130122,161
"{burgers} => {mineral water}",0.0243967471003866,0.279816513761468,1.17388348418611,183
"{pancakes} => {french fries}",0.0201306492467671,0.211781206171108,1.23913481083423,151
"{pancakes} => {chocolate}",0.0198640181309159,0.208976157082749,1.2754517121869,149
"{pancakes} => {eggs}",0.0217304359418744,0.228611500701262,1.27211785367965,163
"{pancakes} => {spaghetti}",0.0251966404479403,0.26507713884993,1.52246831432873,189
"{pancakes} => {mineral water}",0.0337288361551793,0.354838709677419,1.4886158620192,253
"{frozen vegetables} => {milk}",0.023596853752833,0.247552447552448,1.91038159371493,177
"{frozen vegetables} => {french fries}",0.0190641247833622,0.2,1.17020280811232,143
"{frozen vegetables} => {chocolate}",0.0229302759632049,0.240559440559441,1.4682151046675,172
"{frozen vegetables} => {eggs}",0.0217304359418744,0.227972027972028,1.26855948206097,163
"{frozen vegetables} => {spaghetti}",0.0278629516064525,0.292307692307692,1.67886676875957,209
"{frozen vegetables} => {mineral water}",0.0357285695240635,0.374825174825175,1.57246288387228,268
"{ground beef} => {milk}",0.0219970670577256,0.223880597014925,1.72770407223144,165
"{ground beef} => {chocolate}",0.0230635915211305,0.234735413839891,1.43266911245974,173
"{ground beef} => {eggs}",0.0199973336888415,0.203527815468114,1.13253868236374,150
"{ground beef} => {spaghetti}",0.0391947740301293,0.398914518317503,2.29116217603338,294
"{spaghetti} => {ground beef}",0.0391947740301293,0.225114854517611,2.29116217603338,294
"{ground beef} => {mineral water}",0.0409278762831622,0.416553595658073,1.7475215442009,307
"{green tea} => {french fries}",0.0285295293960805,0.215943491422805,1.26348840028273,214
"{green tea} => {spaghetti}",0.0265297960271964,0.200807265388496,1.15333483742658,199
"{green tea} => {mineral water}",0.0310625249966671,0.235116044399596,0.98635651512381,233
"{milk} => {chocolate}",0.032129049460072,0.247942386831276,1.51327570677087,241
"{milk} => {eggs}",0.0307958938808159,0.237654320987654,1.32243698941276,231
"{milk} => {spaghetti}",0.0354619384082122,0.273662551440329,1.57177855922964,266
"{spaghetti} => {milk}",0.0354619384082122,0.203675344563553,1.57177855922964,266
"{milk} => {mineral water}",0.0479936008532196,0.37037037037037,1.55377413207391,360
"{mineral water} => {milk}",0.0479936008532196,0.201342281879195,1.55377413207391,360
"{french fries} => {chocolate}",0.0343954139448074,0.201248049921997,1.22828447718869,258
"{chocolate} => {french fries}",0.0343954139448074,0.209926769731489,1.22828447718869,258
"{french fries} => {eggs}",0.0363951473136915,0.212948517940718,1.18496055865974,273
"{eggs} => {french fries}",0.0363951473136915,0.202522255192878,1.18496055865974,273
"{chocolate} => {eggs}",0.0331955739234769,0.202603742880391,1.12739664343161,249
"{chocolate} => {spaghetti}",0.0391947740301293,0.239218877135883,1.37395160596957,294
"{spaghetti} => {chocolate}",0.0391947740301293,0.225114854517611,1.37395160596957,294
"{chocolate} => {mineral water}",0.0526596453806159,0.32139951179821,1.34833206823175,395
"{mineral water} => {chocolate}",0.0526596453806159,0.220917225950783,1.34833206823175,395
"{eggs} => {spaghetti}",0.0365284628716171,0.20326409495549,1.16744561735155,274
"{spaghetti} => {eggs}",0.0365284628716171,0.209800918836141,1.16744561735155,274
"{eggs} => {mineral water}",0.050926543127583,0.283382789317507,1.18884468829453,382
"{mineral water} => {eggs}",0.050926543127583,0.213646532438479,1.18884468829453,382
"{spaghetti} => {mineral water}",0.0597253699506732,0.343032159264931,1.43908513794533,448
"{mineral water} => {spaghetti}",0.0597253699506732,0.250559284116331,1.43908513794533,448
"{cookies,green tea} => {french fries}",0.00466604452739635,0.388888888888889,2.2753943491073,35
"{cookies,french fries} => {green tea}",0.00466604452739635,0.35,2.6491927346115,35
"{milk,salmon} => {mineral water}",0.00439941341154513,0.452054794520548,1.89645582421624,33
"{mineral water,salmon} => {milk}",0.00439941341154513,0.2578125,1.98955922067901,33
"{chocolate,salmon} => {mineral water}",0.00453272896947074,0.425,1.78295581655481,34
"{mineral water,salmon} => {chocolate}",0.00453272896947074,0.265625,1.62119863710334,34
"{salmon,spaghetti} => {mineral water}",0.00679909345420611,0.504950495049505,2.11836334640175,51
"{mineral water,salmon} => {spaghetti}",0.00679909345420611,0.3984375,2.28842242534456,51
"{ground beef,herb & pepper} => {eggs}",0.00413278229569391,0.258333333333333,1.43750618199802,31
"{eggs,herb & pepper} => {ground beef}",0.00413278229569391,0.329787234042553,3.35649123819972,31
"{eggs,ground beef} => {herb & pepper}",0.00413278229569391,0.206666666666667,4.17845462713387,31
"{ground beef,herb & pepper} => {spaghetti}",0.00639914678042928,0.4,2.29739663093415,48
"{herb & pepper,spaghetti} => {ground beef}",0.00639914678042928,0.39344262295082,4.00435972151167,48
"{ground beef,herb & pepper} => {mineral water}",0.0066657778962805,0.416666666666667,1.74799589858315,50
"{herb & pepper,mineral water} => {ground beef}",0.0066657778962805,0.390625,3.97568266621438,50
"{herb & pepper,milk} => {mineral water}",0.00413278229569391,0.449275362318841,1.8847955776027,31
"{herb & pepper,mineral water} => {milk}",0.00413278229569391,0.2421875,1.86897987397119,31
"{eggs,herb & pepper} => {spaghetti}",0.00479936008532196,0.382978723404255,2.19963507217099,36
"{herb & pepper,spaghetti} => {eggs}",0.00479936008532196,0.295081967213115,1.64199542734835,36
"{eggs,herb & pepper} => {mineral water}",0.0053326223170244,0.425531914893617,1.78518730068066,40
"{herb & pepper,mineral water} => {eggs}",0.0053326223170244,0.3125,1.73891876854599,40
"{herb & pepper,spaghetti} => {mineral water}",0.00599920010665245,0.368852459016393,1.54740620530311,45
"{herb & pepper,mineral water} => {spaghetti}",0.00599920010665245,0.3515625,2.01919625765697,45
"{grated cheese,ground beef} => {spaghetti}",0.0053326223170244,0.470588235294118,2.70281956580488,40
"{grated cheese,spaghetti} => {ground beef}",0.0053326223170244,0.32258064516129,3.28314439532543,40
"{grated cheese,ground beef} => {mineral water}",0.00506599120117318,0.447058823529412,1.87549677589156,38
"{grated cheese,mineral water} => {ground beef}",0.00506599120117318,0.290076335877863,2.95232373869721,38
"{eggs,grated cheese} => {spaghetti}",0.00426609785361952,0.470588235294118,2.70281956580488,32
"{grated cheese,spaghetti} => {eggs}",0.00426609785361952,0.258064516129032,1.43601033789605,32
"{eggs,grated cheese} => {mineral water}",0.00439941341154513,0.485294117647059,2.03590110540861,33
"{grated cheese,mineral water} => {eggs}",0.00439941341154513,0.251908396946565,1.40175436609509,33
"{grated cheese,spaghetti} => {mineral water}",0.00626583122250367,0.379032258064516,1.59011239806596,47
"{grated cheese,mineral water} => {spaghetti}",0.00626583122250367,0.358778625954198,2.0606420162959,47
"{olive oil,soup} => {mineral water}",0.00519930675909879,0.582089552238806,2.44197635981168,39
"{mineral water,soup} => {olive oil}",0.00519930675909879,0.225433526011561,3.42303011864922,39
"{pancakes,soup} => {mineral water}",0.00426609785361952,0.627450980392157,2.63227617668992,32
"{frozen vegetables,soup} => {mineral water}",0.00506599120117318,0.633333333333333,2.65695376584638,38
"{mineral water,soup} => {frozen vegetables}",0.00506599120117318,0.219653179190751,2.30436153441934,38
"{ground beef,soup} => {mineral water}",0.00506599120117318,0.520547945205479,2.18379761576415,38
"{mineral water,soup} => {ground beef}",0.00506599120117318,0.219653179190751,2.23557462294413,38
"{milk,soup} => {spaghetti}",0.00453272896947074,0.298245614035088,1.71297117218774,34
"{soup,spaghetti} => {milk}",0.00453272896947074,0.317757009345794,2.45215568631976,34
"{milk,soup} => {mineral water}",0.00853219570723903,0.56140350877193,2.35519447388045,64
"{mineral water,soup} => {milk}",0.00853219570723903,0.369942196531792,2.85487285615738,64
"{chocolate,soup} => {mineral water}",0.00559925343287562,0.552631578947368,2.31839456022607,42
"{mineral water,soup} => {chocolate}",0.00559925343287562,0.242774566473988,1.48173476250723,42
"{eggs,soup} => {mineral water}",0.00493267564324757,0.544117647058823,2.28267699697329,37
"{mineral water,soup} => {eggs}",0.00493267564324757,0.213872832369942,1.19010394332859,37
"{soup,spaghetti} => {mineral water}",0.00746567124383416,0.523364485981308,2.19561353990257,56
"{mineral water,soup} => {spaghetti}",0.00746567124383416,0.323699421965318,1.85916490364613,56
"{cooking oil,pancakes} => {mineral water}",0.00466604452739635,0.593220338983051,2.48867212679634,35
"{cooking oil,mineral water} => {pancakes}",0.00466604452739635,0.231788079470199,2.43848861725941,35
"{cooking oil,ground beef} => {spaghetti}",0.00479936008532196,0.571428571428571,3.28199518704879,36
"{cooking oil,spaghetti} => {ground beef}",0.00479936008532196,0.302521008403361,3.07898247494384,36
"{cooking oil,milk} => {chocolate}",0.00439941341154513,0.383720930232558,2.3419777849263,33
"{chocolate,cooking oil} => {milk}",0.00439941341154513,0.323529411764706,2.4967017671266,33
"{cooking oil,milk} => {mineral water}",0.00466604452739635,0.406976744186047,1.70734483117424,35
"{cooking oil,mineral water} => {milk}",0.00466604452739635,0.231788079470199,1.7887267326193,35
"{chocolate,cooking oil} => {eggs}",0.00453272896947074,0.333333333333333,1.85484668644906,34
"{cooking oil,eggs} => {chocolate}",0.00453272896947074,0.386363636363636,2.35810710851394,34
"{chocolate,cooking oil} => {spaghetti}",0.00439941341154513,0.323529411764706,1.85818845149086,33
"{cooking oil,spaghetti} => {chocolate}",0.00439941341154513,0.277310924369748,1.69252176053497,33
"{chocolate,cooking oil} => {mineral water}",0.00573256899080123,0.42156862745098,1.76856055621354,43
"{cooking oil,mineral water} => {chocolate}",0.00573256899080123,0.28476821192053,1.7380360924458,43
"{cooking oil,eggs} => {spaghetti}",0.00413278229569391,0.352272727272727,2.02327544201587,31
"{cooking oil,spaghetti} => {eggs}",0.00413278229569391,0.260504201680672,1.44958606588036,31
"{cooking oil,eggs} => {mineral water}",0.00639914678042928,0.545454545454545,2.28828553996339,48
"{cooking oil,mineral water} => {eggs}",0.00639914678042928,0.317880794701987,1.76886041621632,48
"{cooking oil,spaghetti} => {mineral water}",0.00759898680175977,0.478991596638655,2.00946083131239,57
"{cooking oil,mineral water} => {spaghetti}",0.00759898680175977,0.377483443708609,2.16807297952395,57
"{pancakes,whole wheat rice} => {mineral water}",0.00413278229569391,0.596153846153846,2.50097874720358,31
"{mineral water,whole wheat rice} => {pancakes}",0.00413278229569391,0.205298013245033,2.15980420385834,31
"{frozen vegetables,whole wheat rice} => {mineral water}",0.00439941341154513,0.485294117647059,2.03590110540861,33
"{mineral water,whole wheat rice} => {frozen vegetables}",0.00439941341154513,0.218543046357616,2.29271523178808,33
"{milk,whole wheat rice} => {mineral water}",0.00506599120117318,0.426966292134831,1.79120478596385,38
"{mineral water,whole wheat rice} => {milk}",0.00506599120117318,0.251655629139073,1.94204616684381,38
"{chocolate,whole wheat rice} => {spaghetti}",0.00413278229569391,0.344444444444444,1.97831376552663,31
"{spaghetti,whole wheat rice} => {chocolate}",0.00413278229569391,0.292452830188679,1.78493790011821,31
"{spaghetti,whole wheat rice} => {mineral water}",0.00626583122250367,0.443396226415094,1.86013148452999,47
"{mineral water,whole wheat rice} => {spaghetti}",0.00626583122250367,0.311258278145695,1.78770929890571,47
"{escalope,french fries} => {chocolate}",0.00519930675909879,0.317073170731707,1.93520411200857,39
"{chocolate,escalope} => {french fries}",0.00519930675909879,0.295454545454545,1.7287086938023,39
"{chocolate,escalope} => {spaghetti}",0.00439941341154513,0.25,1.43587289433384,33
"{escalope,spaghetti} => {chocolate}",0.00439941341154513,0.314285714285714,1.9181913286063,33
"{chocolate,escalope} => {mineral water}",0.00559925343287562,0.318181818181818,1.33483323164531,42
"{escalope,mineral water} => {chocolate}",0.00559925343287562,0.328125,2.00265713995118,42
"{escalope,spaghetti} => {mineral water}",0.00479936008532196,0.342857142857143,1.43835091083413,36
"{escalope,mineral water} => {spaghetti}",0.00479936008532196,0.28125,1.61535700612557,36
"{frozen vegetables,turkey} => {mineral water}",0.00439941341154513,0.5,2.09759507829978,33
"{mineral water,turkey} => {frozen vegetables}",0.00439941341154513,0.229166666666667,2.40416666666667,33
"{milk,turkey} => {spaghetti}",0.00479936008532196,0.423529411764706,2.43253760922439,36
"{spaghetti,turkey} => {milk}",0.00479936008532196,0.290322580645161,2.24044205495818,36
"{milk,turkey} => {mineral water}",0.00613251566457806,0.541176470588235,2.27033820239505,46
"{mineral water,turkey} => {milk}",0.00613251566457806,0.319444444444444,2.46517775491541,46
"{chocolate,turkey} => {mineral water}",0.00413278229569391,0.364705882352941,1.53001052770101,31
"{mineral water,turkey} => {chocolate}",0.00413278229569391,0.215277777777778,1.31391262092035,31
"{eggs,turkey} => {spaghetti}",0.00519930675909879,0.267123287671233,1.53422035284986,39
"{spaghetti,turkey} => {eggs}",0.00519930675909879,0.314516129032258,1.75013759931081,39
"{eggs,turkey} => {mineral water}",0.00559925343287562,0.287671232876712,1.20683552450124,42
"{mineral water,turkey} => {eggs}",0.00559925343287562,0.291666666666667,1.62299085064293,42
"{spaghetti,turkey} => {mineral water}",0.00639914678042928,0.387096774193548,1.62394457674821,48
"{mineral water,turkey} => {spaghetti}",0.00639914678042928,0.333333333333333,1.91449719244512,48
"{chicken,pancakes} => {mineral water}",0.00479936008532196,0.529411764705882,2.22098302408212,36
"{chicken,mineral water} => {pancakes}",0.00479936008532196,0.210526315789474,2.21480770650328,36
"{chicken,ground beef} => {spaghetti}",0.00479936008532196,0.507042253521127,2.91219291245174,36
"{chicken,spaghetti} => {ground beef}",0.00479936008532196,0.27906976744186,2.84030166293269,36
"{chicken,milk} => {chocolate}",0.00453272896947074,0.306306306306306,1.86949032026331,34
"{chicken,chocolate} => {milk}",0.00453272896947074,0.309090909090909,2.38527871305649,34
"{chicken,milk} => {eggs}",0.00413278229569391,0.279279279279279,1.55406073729516,31
"{chicken,eggs} => {milk}",0.00413278229569391,0.287037037037037,2.21508725803993,31
"{chicken,milk} => {spaghetti}",0.00546593787495001,0.369369369369369,2.12146986189865,41
"{chicken,spaghetti} => {milk}",0.00546593787495001,0.317829457364341,2.45271477334354,41
"{chicken,milk} => {mineral water}",0.0066657778962805,0.45045045045045,1.88972529576556,50
"{chicken,mineral water} => {milk}",0.0066657778962805,0.292397660818713,2.25645561090655,50
"{chicken,french fries} => {mineral water}",0.00426609785361952,0.385542168674699,1.61742271097814,32
"{chicken,chocolate} => {spaghetti}",0.00426609785361952,0.290909090909091,1.67083391340665,32
"{chicken,spaghetti} => {chocolate}",0.00426609785361952,0.248062015503876,1.51400584076043,32
"{chicken,chocolate} => {mineral water}",0.00759898680175977,0.518181818181818,2.17387126296522,57
"{chicken,mineral water} => {chocolate}",0.00759898680175977,0.333333333333333,2.03444534852183,57
"{chicken,eggs} => {spaghetti}",0.00413278229569391,0.287037037037037,1.64859480460552,31
"{chicken,spaghetti} => {eggs}",0.00413278229569391,0.24031007751938,1.33721505302142,31
"{chicken,eggs} => {mineral water}",0.00519930675909879,0.361111111111111,1.51492977877206,39
"{chicken,mineral water} => {eggs}",0.00519930675909879,0.228070175438596,1.26910562757041,39
"{chicken,spaghetti} => {mineral water}",0.00693240901213172,0.403100775193798,1.69108440421067,52
"{chicken,mineral water} => {spaghetti}",0.00693240901213172,0.304093567251462,1.74655884223064,52
"{frozen smoothie,frozen vegetables} => {spaghetti}",0.00413278229569391,0.413333333333333,2.37397651863196,31
"{frozen smoothie,spaghetti} => {frozen vegetables}",0.00413278229569391,0.264957264957265,2.77964257964258,31
"{frozen smoothie,milk} => {chocolate}",0.00413278229569391,0.289719626168224,1.76825623750029,31
"{chocolate,frozen smoothie} => {milk}",0.00413278229569391,0.276785714285714,2.13597699882422,31
"{frozen smoothie,milk} => {spaghetti}",0.00559925343287562,0.392523364485981,2.25445463783258,42
"{frozen smoothie,spaghetti} => {milk}",0.00559925343287562,0.358974358974359,2.77023319615912,42
"{frozen smoothie,milk} => {mineral water}",0.00613251566457806,0.429906542056075,1.8035396934914,46
"{frozen smoothie,mineral water} => {milk}",0.00613251566457806,0.302631578947368,2.33543155728828,46
"{chocolate,frozen smoothie} => {spaghetti}",0.00466604452739635,0.3125,1.7948411179173,35
"{frozen smoothie,spaghetti} => {chocolate}",0.00466604452739635,0.299145299145299,1.82578428713498,35
"{chocolate,frozen smoothie} => {mineral water}",0.00506599120117318,0.339285714285714,1.42336808884628,38
"{frozen smoothie,mineral water} => {chocolate}",0.00506599120117318,0.25,1.52583401139138,38
"{eggs,frozen smoothie} => {mineral water}",0.00413278229569391,0.373493975903614,1.56687825126007,31
"{frozen smoothie,mineral water} => {eggs}",0.00413278229569391,0.203947368421053,1.13487330157739,31
"{frozen smoothie,spaghetti} => {mineral water}",0.00679909345420611,0.435897435897436,1.82867263236391,51
"{frozen smoothie,mineral water} => {spaghetti}",0.00679909345420611,0.335526315789474,1.92709256871121,51
"{low fat yogurt,pancakes} => {mineral water}",0.00426609785361952,0.450704225352113,1.89078992973501,32
"{frozen vegetables,low fat yogurt} => {mineral water}",0.00453272896947074,0.447368421052632,1.87679559637348,34
"{ground beef,low fat yogurt} => {mineral water}",0.00479936008532196,0.5,2.09759507829978,36
"{low fat yogurt,mineral water} => {ground beef}",0.00479936008532196,0.2,2.03554952510176,36
"{low fat yogurt,milk} => {spaghetti}",0.00439941341154513,0.333333333333333,1.91449719244512,33
"{low fat yogurt,spaghetti} => {milk}",0.00439941341154513,0.289473684210526,2.23389105479749,33
"{low fat yogurt,milk} => {mineral water}",0.00479936008532196,0.363636363636364,1.52552369330893,36
"{low fat yogurt,mineral water} => {milk}",0.00479936008532196,0.2,1.54341563786008,36
"{chocolate,low fat yogurt} => {mineral water}",0.00573256899080123,0.387387387387387,1.62516375435839,43
"{low fat yogurt,mineral water} => {chocolate}",0.00573256899080123,0.238888888888889,1.45801916644065,43
"{eggs,low fat yogurt} => {mineral water}",0.00613251566457806,0.365079365079365,1.53157735875857,46
"{low fat yogurt,mineral water} => {eggs}",0.00613251566457806,0.255555555555556,1.42204912627761,46
"{low fat yogurt,spaghetti} => {mineral water}",0.00559925343287562,0.368421052631579,1.54559637348405,42
"{low fat yogurt,mineral water} => {spaghetti}",0.00559925343287562,0.233333333333333,1.34014803471159,42
"{olive oil,tomatoes} => {spaghetti}",0.00439941341154513,0.611111111111111,3.50991151948273,33
"{spaghetti,tomatoes} => {olive oil}",0.00439941341154513,0.210191082802548,3.19158565202816,33
"{olive oil,tomatoes} => {mineral water}",0.00413278229569391,0.574074074074074,2.40834990471456,31
"{pancakes,tomatoes} => {mineral water}",0.00466604452739635,0.472972972972973,1.98421156055384,35
"{frozen vegetables,tomatoes} => {milk}",0.00413278229569391,0.256198347107438,1.97710267659763,31
"{milk,tomatoes} => {frozen vegetables}",0.00413278229569391,0.295238095238095,3.09731601731602,31
"{frozen vegetables,tomatoes} => {spaghetti}",0.0066657778962805,0.413223140495868,2.37334362699809,50
"{spaghetti,tomatoes} => {frozen vegetables}",0.0066657778962805,0.318471337579618,3.34105385060799,50
"{frozen vegetables,spaghetti} => {tomatoes}",0.0066657778962805,0.239234449760766,3.49804601882164,50
"{frozen vegetables,tomatoes} => {mineral water}",0.00586588454872684,0.363636363636364,1.52552369330893,44
"{mineral water,tomatoes} => {frozen vegetables}",0.00586588454872684,0.240437158469945,2.5224043715847,44
"{ground beef,tomatoes} => {spaghetti}",0.00559925343287562,0.477272727272727,2.74121188918279,42
"{spaghetti,tomatoes} => {ground beef}",0.00559925343287562,0.267515923566879,2.7227095558686,42
"{ground beef,tomatoes} => {mineral water}",0.00546593787495001,0.465909090909091,1.95457723205206,41
"{mineral water,tomatoes} => {ground beef}",0.00546593787495001,0.224043715846995,2.28026039697192,41
"{milk,tomatoes} => {spaghetti}",0.00586588454872684,0.419047619047619,2.40679647050244,44
"{spaghetti,tomatoes} => {milk}",0.00586588454872684,0.280254777070064,2.16274802757464,44
"{milk,tomatoes} => {mineral water}",0.00653246233835489,0.466666666666667,1.95775540641312,49
"{mineral water,tomatoes} => {milk}",0.00653246233835489,0.26775956284153,2.06632148238098,49
"{chocolate,tomatoes} => {spaghetti}",0.00493267564324757,0.352380952380952,2.02389703201342,37
"{spaghetti,tomatoes} => {chocolate}",0.00493267564324757,0.235668789808917,1.43836581965556,37
"{chocolate,tomatoes} => {mineral water}",0.00573256899080123,0.40952380952381,1.71803025460744,43
"{mineral water,tomatoes} => {chocolate}",0.00573256899080123,0.234972677595628,1.43411721289244,43
"{eggs,tomatoes} => {mineral water}",0.00506599120117318,0.41304347826087,1.73279593424764,38
"{mineral water,tomatoes} => {eggs}",0.00506599120117318,0.207650273224044,1.15547826368958,38
"{spaghetti,tomatoes} => {mineral water}",0.00933208905479269,0.445859872611465,1.87046694880235,70
"{mineral water,tomatoes} => {spaghetti}",0.00933208905479269,0.382513661202186,2.19696399133047,70
"{olive oil,shrimp} => {mineral water}",0.00453272896947074,0.557377049180328,2.33830271023582,34
"{olive oil,pancakes} => {spaghetti}",0.00506599120117318,0.469135802469136,2.69447753010795,38
"{olive oil,spaghetti} => {pancakes}",0.00506599120117318,0.22093023255814,2.32426041292932,38
"{pancakes,spaghetti} => {olive oil}",0.00506599120117318,0.201058201058201,3.05291005291005,38
"{olive oil,pancakes} => {mineral water}",0.00466604452739635,0.432098765432099,1.81273648741956,35
"{frozen vegetables,olive oil} => {milk}",0.00479936008532196,0.423529411764706,3.26840958605665,36
"{milk,olive oil} => {frozen vegetables}",0.00479936008532196,0.28125,2.95056818181818,36
"{frozen vegetables,milk} => {olive oil}",0.00479936008532196,0.203389830508475,3.08831400535236,36
"{frozen vegetables,olive oil} => {spaghetti}",0.00573256899080123,0.505882352941176,2.90553103324025,43
"{olive oil,spaghetti} => {frozen vegetables}",0.00573256899080123,0.25,2.62272727272727,43
"{frozen vegetables,spaghetti} => {olive oil}",0.00573256899080123,0.205741626794258,3.12402417527071,43
"{frozen vegetables,olive oil} => {mineral water}",0.00653246233835489,0.576470588235294,2.41840373733386,49
"{mineral water,olive oil} => {frozen vegetables}",0.00653246233835489,0.236714975845411,2.48335529205094,49
"{ground beef,olive oil} => {milk}",0.00493267564324757,0.349056603773585,2.69369710381241,37
"{milk,olive oil} => {ground beef}",0.00493267564324757,0.2890625,2.94200517299864,37
"{ground beef,milk} => {olive oil}",0.00493267564324757,0.224242424242424,3.40494417862839,37
"{ground beef,olive oil} => {spaghetti}",0.00613251566457806,0.433962264150943,2.49245860903233,46
"{olive oil,spaghetti} => {ground beef}",0.00613251566457806,0.267441860465116,2.7219557603105,46
"{ground beef,olive oil} => {mineral water}",0.0066657778962805,0.471698113207547,1.97886328141488,50
"{mineral water,olive oil} => {ground beef}",0.0066657778962805,0.241545893719807,2.45839314625817,50
"{green tea,olive oil} => {spaghetti}",0.00453272896947074,0.453333333333333,2.60371618172537,34
"{green tea,olive oil} => {mineral water}",0.00426609785361952,0.426666666666667,1.78994780014914,32
"{milk,olive oil} => {chocolate}",0.00519930675909879,0.3046875,1.85961020138324,39
"{chocolate,olive oil} => {milk}",0.00519930675909879,0.317073170731707,2.44687845026598,39
"{milk,olive oil} => {spaghetti}",0.00719904012798294,0.421875,2.42303550918836,54
"{olive oil,spaghetti} => {milk}",0.00719904012798294,0.313953488372093,2.42280361757106,54
"{milk,spaghetti} => {olive oil}",0.00719904012798294,0.203007518796992,3.08250890383854,54
"{milk,olive oil} => {mineral water}",0.00853219570723903,0.5,2.09759507829978,64
"{mineral water,olive oil} => {milk}",0.00853219570723903,0.309178743961353,2.38595654161945,64
"{chocolate,olive oil} => {spaghetti}",0.00706572457005733,0.430894308943089,2.47483783413638,53
"{olive oil,spaghetti} => {chocolate}",0.00706572457005733,0.308139534883721,1.8806791303196,53
"{chocolate,olive oil} => {mineral water}",0.00826556459138782,0.504065040650406,2.11464869682254,62
"{mineral water,olive oil} => {chocolate}",0.00826556459138782,0.29951690821256,1.82805234215005,62
"{eggs,olive oil} => {spaghetti}",0.00506599120117318,0.422222222222222,2.42502977709716,38
"{olive oil,spaghetti} => {eggs}",0.00506599120117318,0.22093023255814,1.22937512939066,38
"{eggs,olive oil} => {mineral water}",0.00586588454872684,0.488888888888889,2.05098185433756,44
"{mineral water,olive oil} => {eggs}",0.00586588454872684,0.21256038647343,1.18280078556172,44
"{olive oil,spaghetti} => {mineral water}",0.010265297960272,0.447674418604651,1.87807931429166,77
"{mineral water,olive oil} => {spaghetti}",0.010265297960272,0.371980676328502,2.13646788142427,77
"{pancakes,shrimp} => {mineral water}",0.00453272896947074,0.430379746835443,1.80552487752386,34
"{frozen vegetables,shrimp} => {milk}",0.00466604452739635,0.28,2.16078189300412,35
"{milk,shrimp} => {frozen vegetables}",0.00466604452739635,0.265151515151515,2.78168044077135,35
"{frozen vegetables,shrimp} => {chocolate}",0.0053326223170244,0.32,1.95306753458096,40
"{chocolate,shrimp} => {frozen vegetables}",0.0053326223170244,0.296296296296296,3.10841750841751,40
"{chocolate,frozen vegetables} => {shrimp}",0.0053326223170244,0.232558139534884,3.25451232211038,40
"{frozen vegetables,shrimp} => {spaghetti}",0.00599920010665245,0.36,2.06765696784074,45
"{shrimp,spaghetti} => {frozen vegetables}",0.00599920010665245,0.283018867924528,2.96912521440823,45
"{frozen vegetables,spaghetti} => {shrimp}",0.00599920010665245,0.215311004784689,3.01314896807827,45
"{frozen vegetables,shrimp} => {mineral water}",0.00719904012798294,0.432,1.81232214765101,54
"{mineral water,shrimp} => {frozen vegetables}",0.00719904012798294,0.305084745762712,3.20061633281972,54
"{frozen vegetables,mineral water} => {shrimp}",0.00719904012798294,0.201492537313433,2.81976776564936,54
"{ground beef,shrimp} => {spaghetti}",0.00599920010665245,0.523255813953488,3.00531536023363,45
"{shrimp,spaghetti} => {ground beef}",0.00599920010665245,0.283018867924528,2.88049461099306,45
"{ground beef,shrimp} => {mineral water}",0.00506599120117318,0.441860465116279,1.85368867384631,38
"{mineral water,shrimp} => {ground beef}",0.00506599120117318,0.214689265536723,2.18505316253862,38
"{milk,shrimp} => {chocolate}",0.00546593787495001,0.310606060606061,1.89573316566807,41
"{chocolate,shrimp} => {milk}",0.00546593787495001,0.303703703703704,2.34370522786161,41
"{milk,shrimp} => {eggs}",0.00426609785361952,0.242424242424242,1.34897940832659,32
"{eggs,shrimp} => {milk}",0.00426609785361952,0.30188679245283,2.3296839816756,32
"{milk,shrimp} => {spaghetti}",0.00493267564324757,0.28030303030303,1.60991809364704,37
"{shrimp,spaghetti} => {milk}",0.00493267564324757,0.232704402515723,1.79579806920827,37
"{milk,shrimp} => {mineral water}",0.00786561791761099,0.446969696969697,1.87512287302556,59
"{mineral water,shrimp} => {milk}",0.00786561791761099,0.333333333333333,2.57235939643347,59
"{chocolate,shrimp} => {spaghetti}",0.00639914678042928,0.355555555555556,2.04213033860813,48
"{shrimp,spaghetti} => {chocolate}",0.00639914678042928,0.30188679245283,1.84251654205751,48
"{chocolate,shrimp} => {mineral water}",0.00759898680175977,0.422222222222222,1.77130251056426,57
"{mineral water,shrimp} => {chocolate}",0.00759898680175977,0.322033898305085,1.9654810994194,57
"{eggs,shrimp} => {mineral water}",0.00519930675909879,0.367924528301887,1.54351335950361,39
"{mineral water,shrimp} => {eggs}",0.00519930675909879,0.220338983050847,1.22608509782226,39
"{shrimp,spaghetti} => {mineral water}",0.00853219570723903,0.40251572327044,1.6886300001407,64
"{mineral water,shrimp} => {spaghetti}",0.00853219570723903,0.361581920903955,2.07674271722861,64
"{burgers,cake} => {mineral water}",0.00479936008532196,0.418604651162791,1.75612611206493,36
"{cake,pancakes} => {spaghetti}",0.00413278229569391,0.348314606741573,2.00054201008311,31
"{cake,spaghetti} => {pancakes}",0.00413278229569391,0.227941176470588,2.3980179028133,31
"{cake,pancakes} => {mineral water}",0.00413278229569391,0.348314606741573,1.46124600960209,31
"{cake,frozen vegetables} => {mineral water}",0.00479936008532196,0.467532467532468,1.96138760568291,36
"{cake,green tea} => {french fries}",0.00439941341154513,0.311320754716981,1.8215421069673,33
"{cake,french fries} => {green tea}",0.00439941341154513,0.246268656716418,1.8640375318162,33
"{cake,green tea} => {mineral water}",0.00413278229569391,0.292452830188679,1.22689523447723,31
"{cake,milk} => {eggs}",0.00413278229569391,0.31,1.72500741839763,31
"{cake,eggs} => {milk}",0.00413278229569391,0.216783216783217,1.67293303404415,31
"{cake,milk} => {spaghetti}",0.00413278229569391,0.31,1.78048238897397,31
"{cake,spaghetti} => {milk}",0.00413278229569391,0.227941176470588,1.75903988138465,31
"{cake,milk} => {mineral water}",0.00639914678042928,0.48,2.01369127516779,48
"{cake,mineral water} => {milk}",0.00639914678042928,0.233009708737864,1.79815414119621,48
"{cake,french fries} => {eggs}",0.00453272896947074,0.253731343283582,1.41189822401346,34
"{cake,eggs} => {french fries}",0.00453272896947074,0.237762237762238,1.3911501914622,34
"{cake,french fries} => {mineral water}",0.00639914678042928,0.358208955223881,1.50275468296103,48
"{cake,mineral water} => {french fries}",0.00639914678042928,0.233009708737864,1.36334307741242,48
"{cake,chocolate} => {eggs}",0.00426609785361952,0.313725490196078,1.74573805783441,32
"{cake,eggs} => {chocolate}",0.00426609785361952,0.223776223776224,1.36578149271396,32
"{cake,chocolate} => {spaghetti}",0.00519930675909879,0.382352941176471,2.19604089721647,39
"{cake,spaghetti} => {chocolate}",0.00519930675909879,0.286764705882353,1.75022136600775,39
"{cake,chocolate} => {mineral water}",0.00559925343287562,0.411764705882353,1.72743124095276,42
"{cake,mineral water} => {chocolate}",0.00559925343287562,0.203883495145631,1.24436948501821,42
"{cake,eggs} => {spaghetti}",0.00479936008532196,0.251748251748252,1.44591396352499,36
"{cake,spaghetti} => {eggs}",0.00479936008532196,0.264705882352941,1.47296648629778,36
"{cake,eggs} => {mineral water}",0.00719904012798294,0.377622377622378,1.58419768151312,54
"{cake,mineral water} => {eggs}",0.00719904012798294,0.262135922330097,1.45866584079975,54
"{cake,spaghetti} => {mineral water}",0.00706572457005733,0.389705882352941,1.634890281616,53
"{cake,mineral water} => {spaghetti}",0.00706572457005733,0.257281553398058,1.47769443494551,53
"{burgers,pancakes} => {eggs}",0.00413278229569391,0.392405063291139,2.18355369417421,31
"{burgers,pancakes} => {spaghetti}",0.00439941341154513,0.417721518987342,2.39918002597554,33
"{burgers,spaghetti} => {pancakes}",0.00439941341154513,0.204968944099379,2.15634228567944,33
"{burgers,frozen vegetables} => {mineral water}",0.00493267564324757,0.468354430379747,1.9648358961289,37
"{burgers,mineral water} => {frozen vegetables}",0.00493267564324757,0.202185792349727,2.12111276701441,37
"{burgers,ground beef} => {milk}",0.00413278229569391,0.344444444444444,2.65810470964792,31
"{burgers,milk} => {ground beef}",0.00413278229569391,0.23134328358209,2.35455355515503,31
"{burgers,ground beef} => {spaghetti}",0.00546593787495001,0.455555555555556,2.61647949634167,41
"{burgers,spaghetti} => {ground beef}",0.00546593787495001,0.254658385093168,2.5918487741979,41
"{burgers,ground beef} => {mineral water}",0.0053326223170244,0.444444444444444,1.86452895848869,40
"{burgers,mineral water} => {ground beef}",0.0053326223170244,0.218579234972678,2.2246442897287,40
"{burgers,green tea} => {french fries}",0.00546593787495001,0.312977099236641,1.83123340200784,41
"{burgers,french fries} => {green tea}",0.00546593787495001,0.248484848484848,1.880812157906,41
"{burgers,green tea} => {eggs}",0.00599920010665245,0.343511450381679,1.91148322649331,45
"{burgers,eggs} => {green tea}",0.00599920010665245,0.208333333333333,1.57690043726875,45
"{eggs,green tea} => {burgers}",0.00599920010665245,0.235602094240838,2.70221912675921,45
"{burgers,green tea} => {spaghetti}",0.00479936008532196,0.274809160305344,1.57836409758835,36
"{burgers,spaghetti} => {green tea}",0.00479936008532196,0.22360248447205,1.6924745065841,36
"{burgers,milk} => {french fries}",0.00559925343287562,0.313432835820896,1.83389992316111,42
"{burgers,french fries} => {milk}",0.00559925343287562,0.254545454545455,1.96434717545829,42
"{french fries,milk} => {burgers}",0.00559925343287562,0.235955056179775,2.70626739511391,42
"{burgers,milk} => {chocolate}",0.00546593787495001,0.305970149253731,1.86743864080735,41
"{burgers,chocolate} => {milk}",0.00546593787495001,0.3203125,2.47187660751029,41
"{burgers,milk} => {eggs}",0.0053326223170244,0.298507462686567,1.66105673413349,40
"{burgers,milk} => {spaghetti}",0.00639914678042928,0.358208955223881,2.05737011725446,48
"{burgers,spaghetti} => {milk}",0.00639914678042928,0.298136645962733,2.30074380799018,48
"{burgers,milk} => {mineral water}",0.00693240901213172,0.388059701492537,1.62798423987445,52
"{burgers,mineral water} => {milk}",0.00693240901213172,0.284153005464481,2.19283096089411,52
"{burgers,french fries} => {chocolate}",0.00479936008532196,0.218181818181818,1.33163695539611,36
"{burgers,chocolate} => {french fries}",0.00479936008532196,0.28125,1.64559769890796,36
"{burgers,french fries} => {eggs}",0.00906545793894147,0.412121212121212,2.2932649941552,68
"{burgers,eggs} => {french fries}",0.00906545793894147,0.314814814814815,1.84198590165829,68
"{eggs,french fries} => {burgers}",0.00906545793894147,0.249084249084249,2.85685160914519,68
"{burgers,french fries} => {spaghetti}",0.00559925343287562,0.254545454545455,1.46197967423082,42
"{burgers,spaghetti} => {french fries}",0.00559925343287562,0.260869565217391,1.52635148884216,42
"{french fries,spaghetti} => {burgers}",0.00559925343287562,0.202898550724638,2.32712848468732,42
"{burgers,french fries} => {mineral water}",0.00519930675909879,0.236363636363636,0.991590400650803,39
"{burgers,mineral water} => {french fries}",0.00519930675909879,0.213114754098361,1.24693741848035,39
"{burgers,chocolate} => {eggs}",0.00546593787495001,0.3203125,1.78239173775964,41
"{burgers,chocolate} => {spaghetti}",0.00639914678042928,0.375,2.15380934150077,48
"{burgers,spaghetti} => {chocolate}",0.00639914678042928,0.298136645962733,1.81962813780835,48
"{burgers,chocolate} => {mineral water}",0.00573256899080123,0.3359375,1.40932169323266,43
"{burgers,mineral water} => {chocolate}",0.00573256899080123,0.234972677595628,1.43411721289244,43
"{burgers,eggs} => {spaghetti}",0.00719904012798294,0.25,1.43587289433384,54
"{burgers,spaghetti} => {eggs}",0.00719904012798294,0.335403726708075,1.86636747332141,54
"{burgers,eggs} => {mineral water}",0.00786561791761099,0.273148148148148,1.14590842240451,59
"{burgers,mineral water} => {eggs}",0.00786561791761099,0.322404371584699,1.79403204099171,59
"{burgers,spaghetti} => {mineral water}",0.00653246233835489,0.304347826086957,1.27679700418247,49
"{burgers,mineral water} => {spaghetti}",0.00653246233835489,0.26775956284153,1.53787479393133,49
"{frozen vegetables,pancakes} => {spaghetti}",0.00439941341154513,0.326732673267327,1.87658635695116,33
"{frozen vegetables,pancakes} => {mineral water}",0.00613251566457806,0.455445544554455,1.91068066538197,46
"{ground beef,pancakes} => {spaghetti}",0.00639914678042928,0.440366972477064,2.5292439973587,48
"{pancakes,spaghetti} => {ground beef}",0.00639914678042928,0.253968253968254,2.58482479378002,48
"{ground beef,pancakes} => {mineral water}",0.00746567124383416,0.513761467889908,2.15532705293188,56
"{mineral water,pancakes} => {ground beef}",0.00746567124383416,0.221343873517787,2.25278208311658,56
"{green tea,pancakes} => {french fries}",0.00453272896947074,0.276422764227642,1.61735347462679,34
"{french fries,pancakes} => {green tea}",0.00453272896947074,0.225165562913907,1.70430563816066,34
"{green tea,pancakes} => {chocolate}",0.00426609785361952,0.260162601626016,1.58785978421216,32
"{chocolate,pancakes} => {green tea}",0.00426609785361952,0.214765100671141,1.62558326956027,32
"{green tea,pancakes} => {spaghetti}",0.00493267564324757,0.300813008130081,1.72771697854804,37
"{green tea,pancakes} => {mineral water}",0.00573256899080123,0.349593495934959,1.46661119295757,43
"{milk,pancakes} => {chocolate}",0.00479936008532196,0.290322580645161,1.77193627129321,36
"{chocolate,pancakes} => {milk}",0.00479936008532196,0.241610738255034,1.86452895848869,36
"{milk,pancakes} => {eggs}",0.00466604452739635,0.282258064516129,1.5706363070738,35
"{eggs,pancakes} => {milk}",0.00466604452739635,0.214723926380368,1.65704132899089,35
"{milk,pancakes} => {spaghetti}",0.00493267564324757,0.298387096774194,1.71378377710814,37
"{milk,pancakes} => {mineral water}",0.00786561791761099,0.475806451612903,1.99609854225301,59
"{mineral water,pancakes} => {milk}",0.00786561791761099,0.233201581027668,1.79963483465899,59
"{french fries,pancakes} => {chocolate}",0.00546593787495001,0.271523178807947,1.65719720442507,41
"{chocolate,pancakes} => {french fries}",0.00546593787495001,0.275167785234899,1.61001057491964,41
"{french fries,pancakes} => {eggs}",0.00479936008532196,0.23841059602649,1.32664531216224,36
"{eggs,pancakes} => {french fries}",0.00479936008532196,0.220858895705521,1.29224849975594,36
"{french fries,pancakes} => {spaghetti}",0.00573256899080123,0.28476821192053,1.63556382665842,43
"{pancakes,spaghetti} => {french fries}",0.00573256899080123,0.227513227513228,1.33118308859338,43
"{french fries,spaghetti} => {pancakes}",0.00573256899080123,0.207729468599034,2.18538393262462,43
"{french fries,pancakes} => {mineral water}",0.00653246233835489,0.324503311258278,1.36135309717469,49
"{chocolate,pancakes} => {eggs}",0.00559925343287562,0.281879194630872,1.56852807042001,42
"{eggs,pancakes} => {chocolate}",0.00559925343287562,0.257668711656442,1.57263873566718,42
"{chocolate,pancakes} => {spaghetti}",0.00679909345420611,0.342281879194631,1.96589309022889,51
"{pancakes,spaghetti} => {chocolate}",0.00679909345420611,0.26984126984127,1.64693194880339,51
"{chocolate,pancakes} => {mineral water}",0.00933208905479269,0.469798657718121,1.97089470444274,70
"{mineral water,pancakes} => {chocolate}",0.00933208905479269,0.276679841897233,1.68867005213275,70
"{eggs,pancakes} => {spaghetti}",0.0066657778962805,0.306748466257669,1.76180723231146,50
"{pancakes,spaghetti} => {eggs}",0.0066657778962805,0.264550264550265,1.47210054480084,50
"{eggs,pancakes} => {mineral water}",0.00786561791761099,0.361963190184049,1.51850441251149,59
"{mineral water,pancakes} => {eggs}",0.00786561791761099,0.233201581027668,1.29765953953156,59
"{pancakes,spaghetti} => {mineral water}",0.0114651379816025,0.455026455026455,1.90892250511937,86
"{mineral water,pancakes} => {spaghetti}",0.0114651379816025,0.339920948616601,1.9523331053393,86
"{frozen vegetables,ground beef} => {milk}",0.00573256899080123,0.338582677165354,2.6128689932277,43
"{frozen vegetables,milk} => {ground beef}",0.00573256899080123,0.242937853107345,2.47256015760949,43
"{ground beef,milk} => {frozen vegetables}",0.00573256899080123,0.260606060606061,2.73399449035813,43
"{frozen vegetables,ground beef} => {chocolate}",0.00573256899080123,0.338582677165354,2.06648385794737,43
"{chocolate,frozen vegetables} => {ground beef}",0.00573256899080123,0.25,2.5444369063772,43
"{chocolate,ground beef} => {frozen vegetables}",0.00573256899080123,0.248554913294798,2.60756699947451,43
"{frozen vegetables,ground beef} => {eggs}",0.00439941341154513,0.259842519685039,1.44590410990911,33
"{eggs,frozen vegetables} => {ground beef}",0.00439941341154513,0.202453987730061,2.06052559289442,33
"{eggs,ground beef} => {frozen vegetables}",0.00439941341154513,0.22,2.308,33
"{frozen vegetables,ground beef} => {spaghetti}",0.00866551126516464,0.511811023622047,2.93958230336063,65
"{frozen vegetables,spaghetti} => {ground beef}",0.00866551126516464,0.311004784688995,3.1653282088903,65
"{ground beef,spaghetti} => {frozen vegetables}",0.00866551126516464,0.22108843537415,2.31941867656153,65
"{frozen vegetables,ground beef} => {mineral water}",0.00919877349686708,0.543307086614173,2.27927654177456,69
"{frozen vegetables,mineral water} => {ground beef}",0.00919877349686708,0.257462686567164,2.62039024686608,69
"{ground beef,mineral water} => {frozen vegetables}",0.00919877349686708,0.224755700325733,2.35789161978087,69
"{frozen vegetables,green tea} => {spaghetti}",0.00426609785361952,0.296296296296296,1.70177528217344,32
"{frozen vegetables,green tea} => {mineral water}",0.00453272896947074,0.314814814814815,1.32070801226282,34
"{frozen vegetables,milk} => {french fries}",0.00573256899080123,0.242937853107345,1.42143278951497,43
"{french fries,frozen vegetables} => {milk}",0.00573256899080123,0.300699300699301,2.32052001496446,43
"{french fries,milk} => {frozen vegetables}",0.00573256899080123,0.241573033707865,2.53432073544433,43
"{frozen vegetables,milk} => {chocolate}",0.0079989334755366,0.338983050847458,2.06892747307305,60
"{chocolate,frozen vegetables} => {milk}",0.0079989334755366,0.348837209302326,2.6920040195234,60
"{chocolate,milk} => {frozen vegetables}",0.0079989334755366,0.24896265560166,2.61184458694832,60
"{frozen vegetables,milk} => {eggs}",0.00733235568590855,0.310734463276836,1.7290943687237,55
"{eggs,frozen vegetables} => {milk}",0.00733235568590855,0.337423312883436,2.60392208841425,55
"{eggs,milk} => {frozen vegetables}",0.00733235568590855,0.238095238095238,2.4978354978355,55
"{frozen vegetables,milk} => {spaghetti}",0.00826556459138782,0.350282485875706,2.01184450731522,62
"{frozen vegetables,spaghetti} => {milk}",0.00826556459138782,0.296650717703349,2.28927678342883,62
"{milk,spaghetti} => {frozen vegetables}",0.00826556459138782,0.233082706766917,2.44524948735475,62
"{frozen vegetables,milk} => {mineral water}",0.0110651913078256,0.468926553672316,1.96723606213425,83
"{frozen vegetables,mineral water} => {milk}",0.0110651913078256,0.309701492537313,2.38999063325349,83
"{milk,mineral water} => {frozen vegetables}",0.0110651913078256,0.230555555555556,2.41873737373737,83
"{french fries,frozen vegetables} => {chocolate}",0.00559925343287562,0.293706293706294,1.79258820918707,42
"{chocolate,frozen vegetables} => {french fries}",0.00559925343287562,0.244186046511628,1.42873598664877,42
"{french fries,frozen vegetables} => {eggs}",0.00519930675909879,0.272727272727273,1.51760183436741,39
"{eggs,frozen vegetables} => {french fries}",0.00519930675909879,0.239263803680982,1.3999358747356,39
"{french fries,frozen vegetables} => {spaghetti}",0.0053326223170244,0.27972027972028,1.60657107058332,40
"{french fries,frozen vegetables} => {mineral water}",0.00613251566457806,0.321678321678322,1.34950172869636,46
"{chocolate,frozen vegetables} => {eggs}",0.00573256899080123,0.25,1.3911350148368,43
"{eggs,frozen vegetables} => {chocolate}",0.00573256899080123,0.263803680981595,1.61008251508783,43
"{chocolate,frozen vegetables} => {spaghetti}",0.00786561791761099,0.343023255813953,1.9701511805976,59
"{frozen vegetables,spaghetti} => {chocolate}",0.00786561791761099,0.282296650717703,1.72295132386777,59
"{chocolate,spaghetti} => {frozen vegetables}",0.00786561791761099,0.200680272108844,2.10531849103278,59
"{chocolate,frozen vegetables} => {mineral water}",0.00973203572856952,0.424418604651163,1.78051675251028,73
"{frozen vegetables,mineral water} => {chocolate}",0.00973203572856952,0.272388059701493,1.66247586315777,73
"{eggs,frozen vegetables} => {spaghetti}",0.00573256899080123,0.263803680981595,1.51515421978786,43
"{frozen vegetables,spaghetti} => {eggs}",0.00573256899080123,0.205741626794258,1.14485752417191,43
"{eggs,frozen vegetables} => {mineral water}",0.00906545793894147,0.417177914110429,1.75014067882681,68
"{frozen vegetables,mineral water} => {eggs}",0.00906545793894147,0.253731343283582,1.41189822401346,68
"{frozen vegetables,spaghetti} => {mineral water}",0.0119984002133049,0.430622009569378,1.80654121576057,90
"{frozen vegetables,mineral water} => {spaghetti}",0.0119984002133049,0.335820895522388,1.92878448492606,90
"{mineral water,spaghetti} => {frozen vegetables}",0.0119984002133049,0.200892857142857,2.1075487012987,90
"{green tea,ground beef} => {spaghetti}",0.00639914678042928,0.432432432432432,2.48367203344232,48
"{green tea,spaghetti} => {ground beef}",0.00639914678042928,0.241206030150754,2.45493410062524,48
"{green tea,ground beef} => {mineral water}",0.00519930675909879,0.351351351351351,1.47398573069714,39
"{ground beef,milk} => {chocolate}",0.00613251566457806,0.278787878787879,1.70153610967281,46
"{chocolate,ground beef} => {milk}",0.00613251566457806,0.265895953757225,2.05193986536311,46
"{ground beef,milk} => {eggs}",0.00586588454872684,0.266666666666667,1.48387734915925,44
"{eggs,ground beef} => {milk}",0.00586588454872684,0.293333333333333,2.26367626886145,44
"{ground beef,milk} => {spaghetti}",0.00973203572856952,0.442424242424242,2.54105990997262,73
"{ground beef,spaghetti} => {milk}",0.00973203572856952,0.248299319727891,1.91614526469024,73
"{milk,spaghetti} => {ground beef}",0.00973203572856952,0.274436090225564,2.79314126564716,73
"{ground beef,milk} => {mineral water}",0.0110651913078256,0.503030303030303,2.11030777574402,83
"{ground beef,mineral water} => {milk}",0.0110651913078256,0.270358306188925,2.08637618798676,83
"{milk,mineral water} => {ground beef}",0.0110651913078256,0.230555555555556,2.34653625810342,83
"{french fries,ground beef} => {spaghetti}",0.00559925343287562,0.403846153846154,2.31948698315467,42
"{french fries,spaghetti} => {ground beef}",0.00559925343287562,0.202898550724638,2.06505024285686,42
"{french fries,ground beef} => {mineral water}",0.0053326223170244,0.384615384615385,1.61353467561521,40
"{chocolate,ground beef} => {eggs}",0.00653246233835489,0.283236994219653,1.57608360062435,49
"{eggs,ground beef} => {chocolate}",0.00653246233835489,0.326666666666667,1.9937564415514,49
"{chocolate,ground beef} => {spaghetti}",0.00919877349686708,0.398843930635838,2.29075675627827,69
"{ground beef,spaghetti} => {chocolate}",0.00919877349686708,0.23469387755102,1.43241560253068,69
"{chocolate,spaghetti} => {ground beef}",0.00919877349686708,0.23469387755102,2.38865505496636,69
"{chocolate,ground beef} => {mineral water}",0.0109318757499,0.473988439306358,1.98847163492002,82
"{ground beef,mineral water} => {chocolate}",0.0109318757499,0.267100977198697,1.63020702194258,82
"{chocolate,mineral water} => {ground beef}",0.0109318757499,0.207594936708861,2.11284887415626,82
"{eggs,ground beef} => {spaghetti}",0.00893214238101587,0.446666666666667,2.56542623787647,67
"{ground beef,spaghetti} => {eggs}",0.00893214238101587,0.227891156462585,1.26810946930701,67
"{eggs,spaghetti} => {ground beef}",0.00893214238101587,0.244525547445255,2.48871930988719,67
"{eggs,ground beef} => {mineral water}",0.0101319824023464,0.506666666666667,2.12556301267711,76
"{ground beef,mineral water} => {eggs}",0.0101319824023464,0.247557003257329,1.37754086159735,76
"{ground beef,spaghetti} => {mineral water}",0.0170643914144781,0.435374149659864,1.82647734709096,128
"{ground beef,mineral water} => {spaghetti}",0.0170643914144781,0.416938110749186,2.39468052735807,128
"{mineral water,spaghetti} => {ground beef}",0.0170643914144781,0.285714285714286,2.90792789300252,128
"{green tea,milk} => {chocolate}",0.00466604452739635,0.265151515151515,1.61830879996055,35
"{green tea,milk} => {spaghetti}",0.00519930675909879,0.295454545454545,1.69694069330363,39
"{green tea,milk} => {mineral water}",0.00573256899080123,0.325757575757576,1.36661497525591,43
"{chocolate,green tea} => {french fries}",0.00519930675909879,0.221590909090909,1.29653152035172,39
"{french fries,green tea} => {eggs}",0.00706572457005733,0.247663551401869,1.37813375301589,53
"{eggs,green tea} => {french fries}",0.00706572457005733,0.277486910994764,1.62357981230244,53
"{green tea,spaghetti} => {french fries}",0.0053326223170244,0.201005025125628,1.17608322423349,40
"{french fries,green tea} => {mineral water}",0.00613251566457806,0.214953271028037,0.901769846745698,46
"{chocolate,green tea} => {eggs}",0.00546593787495001,0.232954545454545,1.29628490018883,41
"{eggs,green tea} => {chocolate}",0.00546593787495001,0.214659685863874,1.31014019826275,41
"{chocolate,green tea} => {spaghetti}",0.00706572457005733,0.301136363636364,1.72957416817486,53
"{green tea,spaghetti} => {chocolate}",0.00706572457005733,0.266331658291457,1.62551161012548,53
"{chocolate,green tea} => {mineral water}",0.00693240901213172,0.295454545454545,1.2394880008135,52
"{green tea,mineral water} => {chocolate}",0.00693240901213172,0.223175965665236,1.36211791574852,52
"{eggs,green tea} => {spaghetti}",0.00573256899080123,0.225130890052356,1.29303737081372,43
"{green tea,spaghetti} => {eggs}",0.00573256899080123,0.21608040201005,1.20238805302477,43
"{eggs,green tea} => {mineral water}",0.00693240901213172,0.272251308900524,1.14214601122082,52
"{green tea,mineral water} => {eggs}",0.00693240901213172,0.223175965665236,1.2418716012277,52
"{green tea,spaghetti} => {mineral water}",0.00826556459138782,0.311557788944724,1.30704416939283,62
"{green tea,mineral water} => {spaghetti}",0.00826556459138782,0.266094420600858,1.52831106349697,62
"{french fries,milk} => {chocolate}",0.00733235568590855,0.308988764044944,1.88586226127024,55
"{chocolate,milk} => {french fries}",0.00733235568590855,0.228215767634855,1.33529366070908,55
"{chocolate,french fries} => {milk}",0.00733235568590855,0.213178294573643,1.64511356748652,55
"{french fries,milk} => {eggs}",0.00719904012798294,0.303370786516854,1.6881188944087,54
"{eggs,milk} => {french fries}",0.00719904012798294,0.233766233766234,1.36776951597544,54
"{french fries,milk} => {spaghetti}",0.00639914678042928,0.269662921348315,1.5488067174837,48
"{french fries,spaghetti} => {milk}",0.00639914678042928,0.231884057971014,1.78946740621459,48
"{french fries,milk} => {mineral water}",0.00826556459138782,0.348314606741573,1.46124600960209,62
"{french fries,mineral water} => {milk}",0.00826556459138782,0.245059288537549,1.8911416906586,62
"{chocolate,milk} => {eggs}",0.00919877349686708,0.286307053941909,1.59316707093343,69
"{eggs,milk} => {chocolate}",0.00919877349686708,0.298701298701299,1.82307440322086,69
"{chocolate,eggs} => {milk}",0.00919877349686708,0.27710843373494,2.1384674500471,69
"{chocolate,milk} => {spaghetti}",0.0109318757499,0.340248962655602,1.95421705120955,82
"{milk,spaghetti} => {chocolate}",0.0109318757499,0.308270676691729,1.8814795328435,82
"{chocolate,spaghetti} => {milk}",0.0109318757499,0.27891156462585,2.1523823521178,82
"{chocolate,milk} => {mineral water}",0.013998133582189,0.435684647302905,1.82777994374669,105
"{milk,mineral water} => {chocolate}",0.013998133582189,0.291666666666667,1.7801396799566,105
"{chocolate,mineral water} => {milk}",0.013998133582189,0.265822784810127,2.05137521487732,105
"{eggs,milk} => {spaghetti}",0.00893214238101587,0.29004329004329,1.66586119342628,67
"{milk,spaghetti} => {eggs}",0.00893214238101587,0.25187969924812,1.40159467660249,67
"{eggs,spaghetti} => {milk}",0.00893214238101587,0.244525547445255,1.88702276891652,67
"{eggs,milk} => {mineral water}",0.0130649246767098,0.424242424242424,1.77977764219375,98
"{milk,mineral water} => {eggs}",0.0130649246767098,0.272222222222222,1.51479146060007,98
"{eggs,mineral water} => {milk}",0.0130649246767098,0.256544502617801,1.97977398573675,98
"{milk,spaghetti} => {mineral water}",0.015731235835222,0.443609022556391,1.86102420480732,118
"{milk,mineral water} => {spaghetti}",0.015731235835222,0.327777777777778,1.88258890590437,118
"{mineral water,spaghetti} => {milk}",0.015731235835222,0.263392857142857,2.03262327307466,118
"{chocolate,french fries} => {eggs}",0.00839888014931343,0.244186046511628,1.35878303774757,63
"{eggs,french fries} => {chocolate}",0.00839888014931343,0.230769230769231,1.40846216436127,63
"{chocolate,eggs} => {french fries}",0.00839888014931343,0.253012048192771,1.48037704640716,63
"{chocolate,french fries} => {spaghetti}",0.0079989334755366,0.232558139534884,1.33569571565939,60
"{french fries,spaghetti} => {chocolate}",0.0079989334755366,0.289855072463768,1.76908291175812,60
"{chocolate,spaghetti} => {french fries}",0.0079989334755366,0.204081632653061,1.1940844980738,60
"{chocolate,french fries} => {mineral water}",0.00853219570723903,0.248062015503876,1.04066732566811,64
"{french fries,mineral water} => {chocolate}",0.00853219570723903,0.25296442687747,1.54392690480708,64
"{eggs,french fries} => {spaghetti}",0.0079989334755366,0.21978021978022,1.26230584117261,60
"{french fries,spaghetti} => {eggs}",0.0079989334755366,0.289855072463768,1.61291016212962,60
"{eggs,spaghetti} => {french fries}",0.0079989334755366,0.218978102189781,1.28124395048795,60
"{french fries,mineral water} => {eggs}",0.00693240901213172,0.205533596837945,1.14369993314646,52
"{french fries,spaghetti} => {mineral water}",0.0101319824023464,0.367149758454106,1.54026305266457,76
"{french fries,mineral water} => {spaghetti}",0.0101319824023464,0.300395256916996,1.72531762797426,76
"{chocolate,eggs} => {spaghetti}",0.0105319290761232,0.317269076305221,1.82223226750801,79
"{chocolate,spaghetti} => {eggs}",0.0105319290761232,0.268707482993197,1.495233553362,79
"{eggs,spaghetti} => {chocolate}",0.0105319290761232,0.288321167883212,1.75972097664115,79
"{chocolate,eggs} => {mineral water}",0.0134648713504866,0.405622489959839,1.70166347717492,101
"{chocolate,mineral water} => {eggs}",0.0134648713504866,0.255696202531646,1.42283176201029,101
"{eggs,mineral water} => {chocolate}",0.0134648713504866,0.264397905759162,1.61370926859193,101
"{chocolate,spaghetti} => {mineral water}",0.0158645513931476,0.404761904761905,1.69805315862363,119
"{chocolate,mineral water} => {spaghetti}",0.0158645513931476,0.30126582278481,1.73031771570357,119
"{mineral water,spaghetti} => {chocolate}",0.0158645513931476,0.265625,1.62119863710334,119
"{eggs,spaghetti} => {mineral water}",0.0142647646980403,0.39051094890511,1.63826768889107,107
"{eggs,mineral water} => {spaghetti}",0.0142647646980403,0.280104712041885,1.60877905438452,107
"{mineral water,spaghetti} => {eggs}",0.0142647646980403,0.238839285714286,1.32903077310301,107
"{frozen vegetables,ground beef,spaghetti} => {mineral water}",0.00439941341154513,0.507692307692308,2.12986577181208,33
"{frozen vegetables,ground beef,mineral water} => {spaghetti}",0.00439941341154513,0.478260869565217,2.74688727611692,33
"{frozen vegetables,mineral water,spaghetti} => {ground beef}",0.00439941341154513,0.366666666666667,3.7318407960199,33
"{ground beef,mineral water,spaghetti} => {frozen vegetables}",0.00439941341154513,0.2578125,2.7046875,33
"{frozen vegetables,milk,spaghetti} => {mineral water}",0.00453272896947074,0.548387096774194,2.3005881503933,34
"{frozen vegetables,milk,mineral water} => {spaghetti}",0.00453272896947074,0.409638554216867,2.35275558589642,34
"{frozen vegetables,mineral water,spaghetti} => {milk}",0.00453272896947074,0.377777777777778,2.91534064929127,34
"{milk,mineral water,spaghetti} => {frozen vegetables}",0.00453272896947074,0.288135593220339,3.02280431432974,34
"{chocolate,frozen vegetables,spaghetti} => {mineral water}",0.00413278229569391,0.525423728813559,2.20425245516248,31
"{chocolate,frozen vegetables,mineral water} => {spaghetti}",0.00413278229569391,0.424657534246575,2.43901697119721,31
"{frozen vegetables,mineral water,spaghetti} => {chocolate}",0.00413278229569391,0.344444444444444,2.10226019347256,31
"{chocolate,mineral water,spaghetti} => {frozen vegetables}",0.00413278229569391,0.260504201680672,2.73292589763178,31
"{ground beef,milk,spaghetti} => {mineral water}",0.00439941341154513,0.452054794520548,1.89645582421624,33
"{ground beef,milk,mineral water} => {spaghetti}",0.00439941341154513,0.397590361445783,2.28355689219358,33
"{ground beef,mineral water,spaghetti} => {milk}",0.00439941341154513,0.2578125,1.98955922067901,33
"{milk,mineral water,spaghetti} => {ground beef}",0.00439941341154513,0.279661016949153,2.84631925120162,33
"{chocolate,eggs,milk} => {mineral water}",0.00413278229569391,0.449275362318841,1.8847955776027,31
"{chocolate,milk,mineral water} => {eggs}",0.00413278229569391,0.295238095238095,1.64286420799774,31
"{eggs,milk,mineral water} => {chocolate}",0.00413278229569391,0.316326530612245,1.93064711645439,31
"{chocolate,eggs,mineral water} => {milk}",0.00413278229569391,0.306930693069307,2.36860815711201,31
"{chocolate,milk,spaghetti} => {mineral water}",0.00493267564324757,0.451219512195122,1.89295165602663,37
"{chocolate,milk,mineral water} => {spaghetti}",0.00493267564324757,0.352380952380952,2.02389703201342,37
"{milk,mineral water,spaghetti} => {chocolate}",0.00493267564324757,0.313559322033898,1.91375791259257,37
"{chocolate,mineral water,spaghetti} => {milk}",0.00493267564324757,0.310924369747899,2.39942767230349,37
"{eggs,milk,spaghetti} => {mineral water}",0.00439941341154513,0.492537313432836,2.06628768907142,33
"{eggs,milk,mineral water} => {spaghetti}",0.00439941341154513,0.336734693877551,1.93403287808232,33
"{milk,mineral water,spaghetti} => {eggs}",0.00439941341154513,0.279661016949153,1.55618493185133,33
"{eggs,mineral water,spaghetti} => {milk}",0.00439941341154513,0.308411214953271,2.38003346025153,33
"{chocolate,eggs,spaghetti} => {mineral water}",0.00453272896947074,0.430379746835443,1.80552487752386,34
"{chocolate,eggs,mineral water} => {spaghetti}",0.00453272896947074,0.336633663366337,1.93345261019211,34
"{chocolate,mineral water,spaghetti} => {eggs}",0.00453272896947074,0.285714285714286,1.58986858838491,34
"{eggs,mineral water,spaghetti} => {chocolate}",0.00453272896947074,0.317757009345794,1.93937780887128,34
